group,row_index,class,hash,no_hand_all_frames,static_sequence
main_positive,173,0,60116e0e5510e700919b4ab3f123bb6ec6889fa4a66b2656e36f983a1b12f2b8,0,1
main_positive,564,1,782d01aab080fb3eaeef11211198e3d1c146e9c31d6ebb2d7359e630a627d3c1,1,1
main_positive,565,1,782d01aab080fb3eaeef11211198e3d1c146e9c31d6ebb2d7359e630a627d3c1,1,1
main_positive,566,1,782d01aab080fb3eaeef11211198e3d1c146e9c31d6ebb2d7359e630a627d3c1,1,1
main_positive,567,1,782d01aab080fb3eaeef11211198e3d1c146e9c31d6ebb2d7359e630a627d3c1,1,1
main_positive,568,1,782d01aab080fb3eaeef11211198e3d1c146e9c31d6ebb2d7359e630a627d3c1,1,1
main_positive,569,1,782d01aab080fb3eaeef11211198e3d1c146e9c31d6ebb2d7359e630a627d3c1,1,1
main_positive,570,1,782d01aab080fb3eaeef11211198e3d1c146e9c31d6ebb2d7359e630a627d3c1,1,1
main_positive,573,1,782d01aab080fb3eaeef11211198e3d1c146e9c31d6ebb2d7359e630a627d3c1,1,1
main_positive,591,1,782d01aab080fb3eaeef11211198e3d1c146e9c31d6ebb2d7359e630a627d3c1,1,1
main_positive,592,1,782d01aab080fb3eaeef11211198e3d1c146e9c31d6ebb2d7359e630a627d3c1,1,1
main_positive,593,1,782d01aab080fb3eaeef11211198e3d1c146e9c31d6ebb2d7359e630a627d3c1,1,1
main_positive,594,1,782d01aab080fb3eaeef11211198e3d1c146e9c31d6ebb2d7359e630a627d3c1,1,1
main_positive,6600,ambulance,782d01aab080fb3eaeef11211198e3d1c146e9c31d6ebb2d7359e630a627d3c1,1,1
main_positive,6601,ambulance,60116e0e5510e700919b4ab3f123bb6ec6889fa4a66b2656e36f983a1b12f2b8,0,1
main_positive,6796,ambulance,782d01aab080fb3eaeef11211198e3d1c146e9c31d6ebb2d7359e630a627d3c1,1,1
main_positive,6797,ambulance,782d01aab080fb3eaeef11211198e3d1c146e9c31d6ebb2d7359e630a627d3c1,1,1
main_positive,6798,ambulance,782d01aab080fb3eaeef11211198e3d1c146e9c31d6ebb2d7359e630a627d3c1,1,1
main_positive,6799,ambulance,782d01aab080fb3eaeef11211198e3d1c146e9c31d6ebb2d7359e630a627d3c1,1,1
main_positive,6800,ambulance,782d01aab080fb3eaeef11211198e3d1c146e9c31d6ebb2d7359e630a627d3c1,1,1
main_positive,6801,ambulance,782d01aab080fb3eaeef11211198e3d1c146e9c31d6ebb2d7359e630a627d3c1,1,1
main_positive,6802,ambulance,782d01aab080fb3eaeef11211198e3d1c146e9c31d6ebb2d7359e630a627d3c1,1,1
main_positive,6803,ambulance,782d01aab080fb3eaeef11211198e3d1c146e9c31d6ebb2d7359e630a627d3c1,1,1
main_positive,6804,ambulance,782d01aab080fb3eaeef11211198e3d1c146e9c31d6ebb2d7359e630a627d3c1,1,1
main_positive,6805,ambulance,782d01aab080fb3eaeef11211198e3d1c146e9c31d6ebb2d7359e630a627d3c1,1,1
main_positive,6806,ambulance,782d01aab080fb3eaeef11211198e3d1c146e9c31d6ebb2d7359e630a627d3c1,1,1
main_positive,6807,ambulance,782d01aab080fb3eaeef11211198e3d1c146e9c31d6ebb2d7359e630a627d3c1,1,1
main_positive,6808,ambulance,782d01aab080fb3eaeef11211198e3d1c146e9c31d6ebb2d7359e630a627d3c1,1,1
main_positive,12037,blind,782d01aab080fb3eaeef11211198e3d1c146e9c31d6ebb2d7359e630a627d3c1,1,1
main_positive,12211,blind,782d01aab080fb3eaeef11211198e3d1c146e9c31d6ebb2d7359e630a627d3c1,1,1
main_positive,12212,blind,782d01aab080fb3eaeef11211198e3d1c146e9c31d6ebb2d7359e630a627d3c1,1,1
main_positive,23123,d,782d01aab080fb3eaeef11211198e3d1c146e9c31d6ebb2d7359e630a627d3c1,1,1
main_positive,23124,d,60116e0e5510e700919b4ab3f123bb6ec6889fa4a66b2656e36f983a1b12f2b8,0,1
main_positive,23262,d,782d01aab080fb3eaeef11211198e3d1c146e9c31d6ebb2d7359e630a627d3c1,1,1
main_positive,23263,d,782d01aab080fb3eaeef11211198e3d1c146e9c31d6ebb2d7359e630a627d3c1,1,1
main_positive,23264,d,782d01aab080fb3eaeef11211198e3d1c146e9c31d6ebb2d7359e630a627d3c1,1,1
main_positive,24858,deaf,60116e0e5510e700919b4ab3f123bb6ec6889fa4a66b2656e36f983a1b12f2b8,0,1
main_positive,30688,expensive,782d01aab080fb3eaeef11211198e3d1c146e9c31d6ebb2d7359e630a627d3c1,1,1
main_positive,30689,expensive,60116e0e5510e700919b4ab3f123bb6ec6889fa4a66b2656e36f983a1b12f2b8,0,1
main_positive,30778,expensive,782d01aab080fb3eaeef11211198e3d1c146e9c31d6ebb2d7359e630a627d3c1,1,1
main_positive,33852,frankly,782d01aab080fb3eaeef11211198e3d1c146e9c31d6ebb2d7359e630a627d3c1,1,1
main_positive,33853,frankly,60116e0e5510e700919b4ab3f123bb6ec6889fa4a66b2656e36f983a1b12f2b8,0,1
main_positive,34148,friday,782d01aab080fb3eaeef11211198e3d1c146e9c31d6ebb2d7359e630a627d3c1,1,1
main_positive,34307,friday,782d01aab080fb3eaeef11211198e3d1c146e9c31d6ebb2d7359e630a627d3c1,1,1
main_positive,34308,friday,782d01aab080fb3eaeef11211198e3d1c146e9c31d6ebb2d7359e630a627d3c1,1,1
main_positive,34309,friday,782d01aab080fb3eaeef11211198e3d1c146e9c31d6ebb2d7359e630a627d3c1,1,1
main_positive,34310,friday,782d01aab080fb3eaeef11211198e3d1c146e9c31d6ebb2d7359e630a627d3c1,1,1
main_positive,34311,friday,782d01aab080fb3eaeef11211198e3d1c146e9c31d6ebb2d7359e630a627d3c1,1,1
main_positive,34312,friday,782d01aab080fb3eaeef11211198e3d1c146e9c31d6ebb2d7359e630a627d3c1,1,1
main_positive,34313,friday,782d01aab080fb3eaeef11211198e3d1c146e9c31d6ebb2d7359e630a627d3c1,1,1
main_positive,34314,friday,782d01aab080fb3eaeef11211198e3d1c146e9c31d6ebb2d7359e630a627d3c1,1,1
main_positive,34315,friday,782d01aab080fb3eaeef11211198e3d1c146e9c31d6ebb2d7359e630a627d3c1,1,1
main_positive,34316,friday,782d01aab080fb3eaeef11211198e3d1c146e9c31d6ebb2d7359e630a627d3c1,1,1
main_positive,34317,friday,782d01aab080fb3eaeef11211198e3d1c146e9c31d6ebb2d7359e630a627d3c1,1,1
main_positive,38332,happy,60116e0e5510e700919b4ab3f123bb6ec6889fa4a66b2656e36f983a1b12f2b8,0,1
main_positive,39826,heavy,60116e0e5510e700919b4ab3f123bb6ec6889fa4a66b2656e36f983a1b12f2b8,0,1
main_positive,44178,i,3a7316009c43915ca9d31a0ccab8c9fd5c2069d8cfdf273eb03f3174ab206968,1,0
main_positive,52799,mean,60116e0e5510e700919b4ab3f123bb6ec6889fa4a66b2656e36f983a1b12f2b8,0,1
main_positive,60524,pen,782d01aab080fb3eaeef11211198e3d1c146e9c31d6ebb2d7359e630a627d3c1,1,1
main_positive,60525,pen,60116e0e5510e700919b4ab3f123bb6ec6889fa4a66b2656e36f983a1b12f2b8,0,1
main_positive,60553,pen,e2b8c3498e190209f86ea783a3eff08ff12a67a0747c157a33929bc7d058510b,1,0
main_positive,60568,pen,0e69d355a9f47c87398c3d7dd77868d1940853f33ec9f1522b3ee6fd0f57e681,1,0
main_positive,60676,pen,782d01aab080fb3eaeef11211198e3d1c146e9c31d6ebb2d7359e630a627d3c1,1,1
main_positive,60677,pen,782d01aab080fb3eaeef11211198e3d1c146e9c31d6ebb2d7359e630a627d3c1,1,1
main_positive,60678,pen,782d01aab080fb3eaeef11211198e3d1c146e9c31d6ebb2d7359e630a627d3c1,1,1
main_positive,60679,pen,782d01aab080fb3eaeef11211198e3d1c146e9c31d6ebb2d7359e630a627d3c1,1,1
main_positive,60680,pen,782d01aab080fb3eaeef11211198e3d1c146e9c31d6ebb2d7359e630a627d3c1,1,1
main_positive,60681,pen,782d01aab080fb3eaeef11211198e3d1c146e9c31d6ebb2d7359e630a627d3c1,1,1
main_positive,60682,pen,782d01aab080fb3eaeef11211198e3d1c146e9c31d6ebb2d7359e630a627d3c1,1,1
main_positive,60683,pen,782d01aab080fb3eaeef11211198e3d1c146e9c31d6ebb2d7359e630a627d3c1,1,1
main_positive,60684,pen,782d01aab080fb3eaeef11211198e3d1c146e9c31d6ebb2d7359e630a627d3c1,1,1
main_positive,60685,pen,782d01aab080fb3eaeef11211198e3d1c146e9c31d6ebb2d7359e630a627d3c1,1,1
main_positive,60686,pen,782d01aab080fb3eaeef11211198e3d1c146e9c31d6ebb2d7359e630a627d3c1,1,1
main_positive,60687,pen,782d01aab080fb3eaeef11211198e3d1c146e9c31d6ebb2d7359e630a627d3c1,1,1
main_positive,60688,pen,782d01aab080fb3eaeef11211198e3d1c146e9c31d6ebb2d7359e630a627d3c1,1,1
main_positive,60689,pen,782d01aab080fb3eaeef11211198e3d1c146e9c31d6ebb2d7359e630a627d3c1,1,1
main_positive,60690,pen,782d01aab080fb3eaeef11211198e3d1c146e9c31d6ebb2d7359e630a627d3c1,1,1
main_positive,60691,pen,782d01aab080fb3eaeef11211198e3d1c146e9c31d6ebb2d7359e630a627d3c1,1,1
main_positive,60692,pen,782d01aab080fb3eaeef11211198e3d1c146e9c31d6ebb2d7359e630a627d3c1,1,1
main_positive,60693,pen,782d01aab080fb3eaeef11211198e3d1c146e9c31d6ebb2d7359e630a627d3c1,1,1
main_positive,60694,pen,782d01aab080fb3eaeef11211198e3d1c146e9c31d6ebb2d7359e630a627d3c1,1,1
main_positive,60695,pen,782d01aab080fb3eaeef11211198e3d1c146e9c31d6ebb2d7359e630a627d3c1,1,1
main_positive,60696,pen,782d01aab080fb3eaeef11211198e3d1c146e9c31d6ebb2d7359e630a627d3c1,1,1
main_positive,60697,pen,782d01aab080fb3eaeef11211198e3d1c146e9c31d6ebb2d7359e630a627d3c1,1,1
main_positive,60698,pen,782d01aab080fb3eaeef11211198e3d1c146e9c31d6ebb2d7359e630a627d3c1,1,1
main_positive,60699,pen,782d01aab080fb3eaeef11211198e3d1c146e9c31d6ebb2d7359e630a627d3c1,1,1
main_positive,60700,pen,782d01aab080fb3eaeef11211198e3d1c146e9c31d6ebb2d7359e630a627d3c1,1,1
main_positive,60701,pen,782d01aab080fb3eaeef11211198e3d1c146e9c31d6ebb2d7359e630a627d3c1,1,1
main_positive,60702,pen,782d01aab080fb3eaeef11211198e3d1c146e9c31d6ebb2d7359e630a627d3c1,1,1
main_positive,60703,pen,782d01aab080fb3eaeef11211198e3d1c146e9c31d6ebb2d7359e630a627d3c1,1,1
main_positive,60704,pen,782d01aab080fb3eaeef11211198e3d1c146e9c31d6ebb2d7359e630a627d3c1,1,1
main_positive,60705,pen,782d01aab080fb3eaeef11211198e3d1c146e9c31d6ebb2d7359e630a627d3c1,1,1
main_positive,60706,pen,782d01aab080fb3eaeef11211198e3d1c146e9c31d6ebb2d7359e630a627d3c1,1,1
main_positive,60707,pen,782d01aab080fb3eaeef11211198e3d1c146e9c31d6ebb2d7359e630a627d3c1,1,1
main_positive,60708,pen,782d01aab080fb3eaeef11211198e3d1c146e9c31d6ebb2d7359e630a627d3c1,1,1
main_positive,60709,pen,782d01aab080fb3eaeef11211198e3d1c146e9c31d6ebb2d7359e630a627d3c1,1,1
main_positive,61167,pink,f72125c12f35d1fc77036d1d09491c3cd5d1b8d3fe8bf34c31fb118ba771511b,1,0
main_positive,62283,polite,782d01aab080fb3eaeef11211198e3d1c146e9c31d6ebb2d7359e630a627d3c1,1,1
main_positive,62396,polite,782d01aab080fb3eaeef11211198e3d1c146e9c31d6ebb2d7359e630a627d3c1,1,1
main_positive,62397,polite,782d01aab080fb3eaeef11211198e3d1c146e9c31d6ebb2d7359e630a627d3c1,1,1
main_positive,62398,polite,782d01aab080fb3eaeef11211198e3d1c146e9c31d6ebb2d7359e630a627d3c1,1,1
main_positive,62399,polite,782d01aab080fb3eaeef11211198e3d1c146e9c31d6ebb2d7359e630a627d3c1,1,1
main_positive,62400,polite,782d01aab080fb3eaeef11211198e3d1c146e9c31d6ebb2d7359e630a627d3c1,1,1
main_positive,62401,polite,782d01aab080fb3eaeef11211198e3d1c146e9c31d6ebb2d7359e630a627d3c1,1,1
main_positive,62402,polite,782d01aab080fb3eaeef11211198e3d1c146e9c31d6ebb2d7359e630a627d3c1,1,1
main_positive,62403,polite,782d01aab080fb3eaeef11211198e3d1c146e9c31d6ebb2d7359e630a627d3c1,1,1
main_positive,62404,polite,782d01aab080fb3eaeef11211198e3d1c146e9c31d6ebb2d7359e630a627d3c1,1,1
main_positive,62405,polite,782d01aab080fb3eaeef11211198e3d1c146e9c31d6ebb2d7359e630a627d3c1,1,1
main_positive,62406,polite,782d01aab080fb3eaeef11211198e3d1c146e9c31d6ebb2d7359e630a627d3c1,1,1
main_positive,62407,polite,782d01aab080fb3eaeef11211198e3d1c146e9c31d6ebb2d7359e630a627d3c1,1,1
main_positive,62408,polite,782d01aab080fb3eaeef11211198e3d1c146e9c31d6ebb2d7359e630a627d3c1,1,1
main_positive,62409,polite,782d01aab080fb3eaeef11211198e3d1c146e9c31d6ebb2d7359e630a627d3c1,1,1
main_positive,62410,polite,782d01aab080fb3eaeef11211198e3d1c146e9c31d6ebb2d7359e630a627d3c1,1,1
main_positive,62411,polite,782d01aab080fb3eaeef11211198e3d1c146e9c31d6ebb2d7359e630a627d3c1,1,1
main_positive,62412,polite,782d01aab080fb3eaeef11211198e3d1c146e9c31d6ebb2d7359e630a627d3c1,1,1
main_positive,62413,polite,782d01aab080fb3eaeef11211198e3d1c146e9c31d6ebb2d7359e630a627d3c1,1,1
main_positive,62414,polite,782d01aab080fb3eaeef11211198e3d1c146e9c31d6ebb2d7359e630a627d3c1,1,1
main_positive,62415,polite,782d01aab080fb3eaeef11211198e3d1c146e9c31d6ebb2d7359e630a627d3c1,1,1
main_positive,62416,polite,782d01aab080fb3eaeef11211198e3d1c146e9c31d6ebb2d7359e630a627d3c1,1,1
main_positive,64419,purple,782d01aab080fb3eaeef11211198e3d1c146e9c31d6ebb2d7359e630a627d3c1,1,1
main_positive,64420,purple,60116e0e5510e700919b4ab3f123bb6ec6889fa4a66b2656e36f983a1b12f2b8,0,1
main_positive,64460,purple,9c80a4d5b96ef53f3adb63d7778420bdac670ee293d86be1b53dcb2851b75090,1,0
main_positive,64546,purple,782d01aab080fb3eaeef11211198e3d1c146e9c31d6ebb2d7359e630a627d3c1,1,1
main_positive,64547,purple,782d01aab080fb3eaeef11211198e3d1c146e9c31d6ebb2d7359e630a627d3c1,1,1
main_positive,64548,purple,782d01aab080fb3eaeef11211198e3d1c146e9c31d6ebb2d7359e630a627d3c1,1,1
main_positive,64549,purple,782d01aab080fb3eaeef11211198e3d1c146e9c31d6ebb2d7359e630a627d3c1,1,1
main_positive,64550,purple,782d01aab080fb3eaeef11211198e3d1c146e9c31d6ebb2d7359e630a627d3c1,1,1
main_positive,64551,purple,782d01aab080fb3eaeef11211198e3d1c146e9c31d6ebb2d7359e630a627d3c1,1,1
main_positive,64552,purple,782d01aab080fb3eaeef11211198e3d1c146e9c31d6ebb2d7359e630a627d3c1,1,1
main_positive,64553,purple,782d01aab080fb3eaeef11211198e3d1c146e9c31d6ebb2d7359e630a627d3c1,1,1
main_positive,64554,purple,782d01aab080fb3eaeef11211198e3d1c146e9c31d6ebb2d7359e630a627d3c1,1,1
main_positive,64555,purple,782d01aab080fb3eaeef11211198e3d1c146e9c31d6ebb2d7359e630a627d3c1,1,1
main_positive,64556,purple,782d01aab080fb3eaeef11211198e3d1c146e9c31d6ebb2d7359e630a627d3c1,1,1
main_positive,64557,purple,782d01aab080fb3eaeef11211198e3d1c146e9c31d6ebb2d7359e630a627d3c1,1,1
main_positive,64558,purple,782d01aab080fb3eaeef11211198e3d1c146e9c31d6ebb2d7359e630a627d3c1,1,1
main_positive,64559,purple,782d01aab080fb3eaeef11211198e3d1c146e9c31d6ebb2d7359e630a627d3c1,1,1
main_positive,64560,purple,782d01aab080fb3eaeef11211198e3d1c146e9c31d6ebb2d7359e630a627d3c1,1,1
main_positive,64561,purple,782d01aab080fb3eaeef11211198e3d1c146e9c31d6ebb2d7359e630a627d3c1,1,1
main_positive,64562,purple,782d01aab080fb3eaeef11211198e3d1c146e9c31d6ebb2d7359e630a627d3c1,1,1
main_positive,64563,purple,782d01aab080fb3eaeef11211198e3d1c146e9c31d6ebb2d7359e630a627d3c1,1,1
main_positive,64564,purple,782d01aab080fb3eaeef11211198e3d1c146e9c31d6ebb2d7359e630a627d3c1,1,1
main_positive,64565,purple,782d01aab080fb3eaeef11211198e3d1c146e9c31d6ebb2d7359e630a627d3c1,1,1
main_positive,64566,purple,782d01aab080fb3eaeef11211198e3d1c146e9c31d6ebb2d7359e630a627d3c1,1,1
main_positive,64567,purple,782d01aab080fb3eaeef11211198e3d1c146e9c31d6ebb2d7359e630a627d3c1,1,1
main_positive,64568,purple,782d01aab080fb3eaeef11211198e3d1c146e9c31d6ebb2d7359e630a627d3c1,1,1
main_positive,64569,purple,782d01aab080fb3eaeef11211198e3d1c146e9c31d6ebb2d7359e630a627d3c1,1,1
main_positive,64570,purple,782d01aab080fb3eaeef11211198e3d1c146e9c31d6ebb2d7359e630a627d3c1,1,1
main_positive,64571,purple,782d01aab080fb3eaeef11211198e3d1c146e9c31d6ebb2d7359e630a627d3c1,1,1
main_positive,64572,purple,782d01aab080fb3eaeef11211198e3d1c146e9c31d6ebb2d7359e630a627d3c1,1,1
main_positive,64573,purple,782d01aab080fb3eaeef11211198e3d1c146e9c31d6ebb2d7359e630a627d3c1,1,1
main_positive,64574,purple,782d01aab080fb3eaeef11211198e3d1c146e9c31d6ebb2d7359e630a627d3c1,1,1
main_positive,64575,purple,782d01aab080fb3eaeef11211198e3d1c146e9c31d6ebb2d7359e630a627d3c1,1,1
main_positive,64576,purple,782d01aab080fb3eaeef11211198e3d1c146e9c31d6ebb2d7359e630a627d3c1,1,1
main_positive,64577,purple,782d01aab080fb3eaeef11211198e3d1c146e9c31d6ebb2d7359e630a627d3c1,1,1
main_positive,64578,purple,782d01aab080fb3eaeef11211198e3d1c146e9c31d6ebb2d7359e630a627d3c1,1,1
main_positive,64579,purple,782d01aab080fb3eaeef11211198e3d1c146e9c31d6ebb2d7359e630a627d3c1,1,1
main_positive,64580,purple,782d01aab080fb3eaeef11211198e3d1c146e9c31d6ebb2d7359e630a627d3c1,1,1
main_positive,64581,purple,782d01aab080fb3eaeef11211198e3d1c146e9c31d6ebb2d7359e630a627d3c1,1,1
main_positive,64582,purple,782d01aab080fb3eaeef11211198e3d1c146e9c31d6ebb2d7359e630a627d3c1,1,1
main_positive,64583,purple,782d01aab080fb3eaeef11211198e3d1c146e9c31d6ebb2d7359e630a627d3c1,1,1
main_positive,64584,purple,782d01aab080fb3eaeef11211198e3d1c146e9c31d6ebb2d7359e630a627d3c1,1,1
main_positive,64585,purple,782d01aab080fb3eaeef11211198e3d1c146e9c31d6ebb2d7359e630a627d3c1,1,1
main_positive,64586,purple,782d01aab080fb3eaeef11211198e3d1c146e9c31d6ebb2d7359e630a627d3c1,1,1
main_positive,65126,quiet,782d01aab080fb3eaeef11211198e3d1c146e9c31d6ebb2d7359e630a627d3c1,1,1
main_positive,67744,sad,60116e0e5510e700919b4ab3f123bb6ec6889fa4a66b2656e36f983a1b12f2b8,0,1
main_positive,69847,sick,782d01aab080fb3eaeef11211198e3d1c146e9c31d6ebb2d7359e630a627d3c1,1,1
main_positive,69964,sick,782d01aab080fb3eaeef11211198e3d1c146e9c31d6ebb2d7359e630a627d3c1,1,1
main_positive,69965,sick,782d01aab080fb3eaeef11211198e3d1c146e9c31d6ebb2d7359e630a627d3c1,1,1
main_positive,69966,sick,782d01aab080fb3eaeef11211198e3d1c146e9c31d6ebb2d7359e630a627d3c1,1,1
main_positive,69967,sick,782d01aab080fb3eaeef11211198e3d1c146e9c31d6ebb2d7359e630a627d3c1,1,1
main_positive,69968,sick,782d01aab080fb3eaeef11211198e3d1c146e9c31d6ebb2d7359e630a627d3c1,1,1
main_positive,69969,sick,782d01aab080fb3eaeef11211198e3d1c146e9c31d6ebb2d7359e630a627d3c1,1,1
main_positive,69970,sick,782d01aab080fb3eaeef11211198e3d1c146e9c31d6ebb2d7359e630a627d3c1,1,1
main_positive,69971,sick,60116e0e5510e700919b4ab3f123bb6ec6889fa4a66b2656e36f983a1b12f2b8,0,1
main_positive,77799,thin,60116e0e5510e700919b4ab3f123bb6ec6889fa4a66b2656e36f983a1b12f2b8,0,1
main_positive,77805,thin,782d01aab080fb3eaeef11211198e3d1c146e9c31d6ebb2d7359e630a627d3c1,1,1
main_positive,77855,thin,782d01aab080fb3eaeef11211198e3d1c146e9c31d6ebb2d7359e630a627d3c1,1,1
main_positive,77856,thin,782d01aab080fb3eaeef11211198e3d1c146e9c31d6ebb2d7359e630a627d3c1,1,1
main_positive,77857,thin,782d01aab080fb3eaeef11211198e3d1c146e9c31d6ebb2d7359e630a627d3c1,1,1
main_positive,77858,thin,782d01aab080fb3eaeef11211198e3d1c146e9c31d6ebb2d7359e630a627d3c1,1,1
main_positive,80518,ugly,782d01aab080fb3eaeef11211198e3d1c146e9c31d6ebb2d7359e630a627d3c1,1,1
main_positive,80580,ugly,782d01aab080fb3eaeef11211198e3d1c146e9c31d6ebb2d7359e630a627d3c1,1,1
main_positive,81559,walk,f9ea3802d25a9d0432692147b8194ddf110e126585ac72072769e0b57d630621,1,0
main_positive,85087,white,e1a6b3e8b2ff2f2b26a0368ee21b48694724c4986eb22a52f552e6c8029157c5,1,0
main_positive,85088,white,782d01aab080fb3eaeef11211198e3d1c146e9c31d6ebb2d7359e630a627d3c1,1,1
main_positive,85093,white,782d01aab080fb3eaeef11211198e3d1c146e9c31d6ebb2d7359e630a627d3c1,1,1
main_positive,85094,white,60116e0e5510e700919b4ab3f123bb6ec6889fa4a66b2656e36f983a1b12f2b8,0,1
main_positive,85104,white,782d01aab080fb3eaeef11211198e3d1c146e9c31d6ebb2d7359e630a627d3c1,1,1
main_positive,85109,white,782d01aab080fb3eaeef11211198e3d1c146e9c31d6ebb2d7359e630a627d3c1,1,1
main_positive,85119,white,73fb02c7678ade9525c79017a0b189177e3789548762cc1ddc2ccb73f2b4a37f,1,0
main_positive,85120,white,e48caff13443b24aee0be69a86ad0c151d568d9685d654959b9e17e3b9bf6da6,1,0
main_positive,85121,white,5787d11439d4ea09c13ce1efa5463341ccc14d128288e37a1422a9a7efc8ded0,1,0
main_positive,85184,white,782d01aab080fb3eaeef11211198e3d1c146e9c31d6ebb2d7359e630a627d3c1,1,1
main_positive,85185,white,782d01aab080fb3eaeef11211198e3d1c146e9c31d6ebb2d7359e630a627d3c1,1,1
main_positive,85186,white,782d01aab080fb3eaeef11211198e3d1c146e9c31d6ebb2d7359e630a627d3c1,1,1
main_positive,85187,white,782d01aab080fb3eaeef11211198e3d1c146e9c31d6ebb2d7359e630a627d3c1,1,1
main_positive,85188,white,782d01aab080fb3eaeef11211198e3d1c146e9c31d6ebb2d7359e630a627d3c1,1,1
main_positive,85189,white,782d01aab080fb3eaeef11211198e3d1c146e9c31d6ebb2d7359e630a627d3c1,1,1
main_positive,85190,white,782d01aab080fb3eaeef11211198e3d1c146e9c31d6ebb2d7359e630a627d3c1,1,1
main_positive,85191,white,782d01aab080fb3eaeef11211198e3d1c146e9c31d6ebb2d7359e630a627d3c1,1,1
main_positive,85192,white,782d01aab080fb3eaeef11211198e3d1c146e9c31d6ebb2d7359e630a627d3c1,1,1
main_positive,85193,white,782d01aab080fb3eaeef11211198e3d1c146e9c31d6ebb2d7359e630a627d3c1,1,1
main_positive,85194,white,782d01aab080fb3eaeef11211198e3d1c146e9c31d6ebb2d7359e630a627d3c1,1,1
main_positive,85195,white,782d01aab080fb3eaeef11211198e3d1c146e9c31d6ebb2d7359e630a627d3c1,1,1
main_positive,85196,white,782d01aab080fb3eaeef11211198e3d1c146e9c31d6ebb2d7359e630a627d3c1,1,1
main_positive,85197,white,782d01aab080fb3eaeef11211198e3d1c146e9c31d6ebb2d7359e630a627d3c1,1,1
main_positive,85198,white,782d01aab080fb3eaeef11211198e3d1c146e9c31d6ebb2d7359e630a627d3c1,1,1
main_positive,85199,white,782d01aab080fb3eaeef11211198e3d1c146e9c31d6ebb2d7359e630a627d3c1,1,1
main_positive,85200,white,782d01aab080fb3eaeef11211198e3d1c146e9c31d6ebb2d7359e630a627d3c1,1,1
main_positive,85201,white,782d01aab080fb3eaeef11211198e3d1c146e9c31d6ebb2d7359e630a627d3c1,1,1
main_positive,85202,white,782d01aab080fb3eaeef11211198e3d1c146e9c31d6ebb2d7359e630a627d3c1,1,1
main_positive,85203,white,782d01aab080fb3eaeef11211198e3d1c146e9c31d6ebb2d7359e630a627d3c1,1,1
main_positive,85204,white,782d01aab080fb3eaeef11211198e3d1c146e9c31d6ebb2d7359e630a627d3c1,1,1
main_positive,85205,white,782d01aab080fb3eaeef11211198e3d1c146e9c31d6ebb2d7359e630a627d3c1,1,1
main_positive,85206,white,782d01aab080fb3eaeef11211198e3d1c146e9c31d6ebb2d7359e630a627d3c1,1,1
main_positive,85207,white,782d01aab080fb3eaeef11211198e3d1c146e9c31d6ebb2d7359e630a627d3c1,1,1
main_positive,85208,white,782d01aab080fb3eaeef11211198e3d1c146e9c31d6ebb2d7359e630a627d3c1,1,1
main_positive,85209,white,782d01aab080fb3eaeef11211198e3d1c146e9c31d6ebb2d7359e630a627d3c1,1,1
main_positive,85210,white,782d01aab080fb3eaeef11211198e3d1c146e9c31d6ebb2d7359e630a627d3c1,1,1
main_positive,85211,white,782d01aab080fb3eaeef11211198e3d1c146e9c31d6ebb2d7359e630a627d3c1,1,1
main_positive,85212,white,782d01aab080fb3eaeef11211198e3d1c146e9c31d6ebb2d7359e630a627d3c1,1,1
main_positive,85213,white,782d01aab080fb3eaeef11211198e3d1c146e9c31d6ebb2d7359e630a627d3c1,1,1
main_positive,85214,white,782d01aab080fb3eaeef11211198e3d1c146e9c31d6ebb2d7359e630a627d3c1,1,1
main_positive,85215,white,782d01aab080fb3eaeef11211198e3d1c146e9c31d6ebb2d7359e630a627d3c1,1,1
main_positive,85216,white,782d01aab080fb3eaeef11211198e3d1c146e9c31d6ebb2d7359e630a627d3c1,1,1
main_positive,85217,white,782d01aab080fb3eaeef11211198e3d1c146e9c31d6ebb2d7359e630a627d3c1,1,1
main_positive,85218,white,782d01aab080fb3eaeef11211198e3d1c146e9c31d6ebb2d7359e630a627d3c1,1,1
main_positive,85219,white,782d01aab080fb3eaeef11211198e3d1c146e9c31d6ebb2d7359e630a627d3c1,1,1
main_positive,85220,white,782d01aab080fb3eaeef11211198e3d1c146e9c31d6ebb2d7359e630a627d3c1,1,1
main_positive,85221,white,782d01aab080fb3eaeef11211198e3d1c146e9c31d6ebb2d7359e630a627d3c1,1,1
main_positive,85222,white,782d01aab080fb3eaeef11211198e3d1c146e9c31d6ebb2d7359e630a627d3c1,1,1
main_positive,85223,white,782d01aab080fb3eaeef11211198e3d1c146e9c31d6ebb2d7359e630a627d3c1,1,1
main_positive,85224,white,782d01aab080fb3eaeef11211198e3d1c146e9c31d6ebb2d7359e630a627d3c1,1,1
main_positive,85225,white,782d01aab080fb3eaeef11211198e3d1c146e9c31d6ebb2d7359e630a627d3c1,1,1
main_positive,85226,white,782d01aab080fb3eaeef11211198e3d1c146e9c31d6ebb2d7359e630a627d3c1,1,1
main_positive,85227,white,782d01aab080fb3eaeef11211198e3d1c146e9c31d6ebb2d7359e630a627d3c1,1,1
main_positive,85228,white,782d01aab080fb3eaeef11211198e3d1c146e9c31d6ebb2d7359e630a627d3c1,1,1
main_positive,85229,white,782d01aab080fb3eaeef11211198e3d1c146e9c31d6ebb2d7359e630a627d3c1,1,1
main_positive,85230,white,782d01aab080fb3eaeef11211198e3d1c146e9c31d6ebb2d7359e630a627d3c1,1,1
main_positive,85231,white,782d01aab080fb3eaeef11211198e3d1c146e9c31d6ebb2d7359e630a627d3c1,1,1
main_positive,85232,white,782d01aab080fb3eaeef11211198e3d1c146e9c31d6ebb2d7359e630a627d3c1,1,1
main_positive,85233,white,782d01aab080fb3eaeef11211198e3d1c146e9c31d6ebb2d7359e630a627d3c1,1,1
main_positive,85234,white,782d01aab080fb3eaeef11211198e3d1c146e9c31d6ebb2d7359e630a627d3c1,1,1
main_positive,85235,white,782d01aab080fb3eaeef11211198e3d1c146e9c31d6ebb2d7359e630a627d3c1,1,1
main_positive,85236,white,782d01aab080fb3eaeef11211198e3d1c146e9c31d6ebb2d7359e630a627d3c1,1,1
main_positive,85237,white,782d01aab080fb3eaeef11211198e3d1c146e9c31d6ebb2d7359e630a627d3c1,1,1
main_positive,85238,white,782d01aab080fb3eaeef11211198e3d1c146e9c31d6ebb2d7359e630a627d3c1,1,1
main_positive,85239,white,782d01aab080fb3eaeef11211198e3d1c146e9c31d6ebb2d7359e630a627d3c1,1,1
main_positive,85240,white,782d01aab080fb3eaeef11211198e3d1c146e9c31d6ebb2d7359e630a627d3c1,1,1
main_positive,85241,white,782d01aab080fb3eaeef11211198e3d1c146e9c31d6ebb2d7359e630a627d3c1,1,1
main_positive,85242,white,782d01aab080fb3eaeef11211198e3d1c146e9c31d6ebb2d7359e630a627d3c1,1,1
main_positive,85243,white,782d01aab080fb3eaeef11211198e3d1c146e9c31d6ebb2d7359e630a627d3c1,1,1
main_positive,85244,white,782d01aab080fb3eaeef11211198e3d1c146e9c31d6ebb2d7359e630a627d3c1,1,1
main_positive,85245,white,782d01aab080fb3eaeef11211198e3d1c146e9c31d6ebb2d7359e630a627d3c1,1,1
main_positive,85246,white,782d01aab080fb3eaeef11211198e3d1c146e9c31d6ebb2d7359e630a627d3c1,1,1
main_positive,85247,white,782d01aab080fb3eaeef11211198e3d1c146e9c31d6ebb2d7359e630a627d3c1,1,1
main_positive,85248,white,782d01aab080fb3eaeef11211198e3d1c146e9c31d6ebb2d7359e630a627d3c1,1,1
main_positive,85249,white,782d01aab080fb3eaeef11211198e3d1c146e9c31d6ebb2d7359e630a627d3c1,1,1
main_positive,85250,white,782d01aab080fb3eaeef11211198e3d1c146e9c31d6ebb2d7359e630a627d3c1,1,1
main_positive,85251,white,782d01aab080fb3eaeef11211198e3d1c146e9c31d6ebb2d7359e630a627d3c1,1,1
main_positive,85252,white,782d01aab080fb3eaeef11211198e3d1c146e9c31d6ebb2d7359e630a627d3c1,1,1
main_positive,85253,white,782d01aab080fb3eaeef11211198e3d1c146e9c31d6ebb2d7359e630a627d3c1,1,1
main_positive,85254,white,782d01aab080fb3eaeef11211198e3d1c146e9c31d6ebb2d7359e630a627d3c1,1,1
main_positive,85255,white,782d01aab080fb3eaeef11211198e3d1c146e9c31d6ebb2d7359e630a627d3c1,1,1
main_positive,85256,white,782d01aab080fb3eaeef11211198e3d1c146e9c31d6ebb2d7359e630a627d3c1,1,1
main_positive,85257,white,782d01aab080fb3eaeef11211198e3d1c146e9c31d6ebb2d7359e630a627d3c1,1,1
main_positive,85258,white,782d01aab080fb3eaeef11211198e3d1c146e9c31d6ebb2d7359e630a627d3c1,1,1
main_positive,85259,white,782d01aab080fb3eaeef11211198e3d1c146e9c31d6ebb2d7359e630a627d3c1,1,1
main_positive,85260,white,782d01aab080fb3eaeef11211198e3d1c146e9c31d6ebb2d7359e630a627d3c1,1,1
main_positive,85261,white,782d01aab080fb3eaeef11211198e3d1c146e9c31d6ebb2d7359e630a627d3c1,1,1
main_positive,85262,white,782d01aab080fb3eaeef11211198e3d1c146e9c31d6ebb2d7359e630a627d3c1,1,1
main_positive,85263,white,782d01aab080fb3eaeef11211198e3d1c146e9c31d6ebb2d7359e630a627d3c1,1,1
main_positive,85264,white,782d01aab080fb3eaeef11211198e3d1c146e9c31d6ebb2d7359e630a627d3c1,1,1
main_positive,85265,white,782d01aab080fb3eaeef11211198e3d1c146e9c31d6ebb2d7359e630a627d3c1,1,1
main_positive,85266,white,782d01aab080fb3eaeef11211198e3d1c146e9c31d6ebb2d7359e630a627d3c1,1,1
main_positive,85267,white,782d01aab080fb3eaeef11211198e3d1c146e9c31d6ebb2d7359e630a627d3c1,1,1
main_positive,85268,white,782d01aab080fb3eaeef11211198e3d1c146e9c31d6ebb2d7359e630a627d3c1,1,1
main_positive,85269,white,782d01aab080fb3eaeef11211198e3d1c146e9c31d6ebb2d7359e630a627d3c1,1,1
main_positive,85270,white,782d01aab080fb3eaeef11211198e3d1c146e9c31d6ebb2d7359e630a627d3c1,1,1
main_positive,85271,white,782d01aab080fb3eaeef11211198e3d1c146e9c31d6ebb2d7359e630a627d3c1,1,1
main_positive,85272,white,782d01aab080fb3eaeef11211198e3d1c146e9c31d6ebb2d7359e630a627d3c1,1,1
main_positive,85273,white,782d01aab080fb3eaeef11211198e3d1c146e9c31d6ebb2d7359e630a627d3c1,1,1
main_positive,85274,white,782d01aab080fb3eaeef11211198e3d1c146e9c31d6ebb2d7359e630a627d3c1,1,1
main_positive,85275,white,782d01aab080fb3eaeef11211198e3d1c146e9c31d6ebb2d7359e630a627d3c1,1,1
main_positive,85276,white,782d01aab080fb3eaeef11211198e3d1c146e9c31d6ebb2d7359e630a627d3c1,1,1
main_positive,85277,white,782d01aab080fb3eaeef11211198e3d1c146e9c31d6ebb2d7359e630a627d3c1,1,1
main_positive,85278,white,782d01aab080fb3eaeef11211198e3d1c146e9c31d6ebb2d7359e630a627d3c1,1,1
main_positive,85279,white,782d01aab080fb3eaeef11211198e3d1c146e9c31d6ebb2d7359e630a627d3c1,1,1
main_positive,85280,white,782d01aab080fb3eaeef11211198e3d1c146e9c31d6ebb2d7359e630a627d3c1,1,1
main_positive,85281,white,782d01aab080fb3eaeef11211198e3d1c146e9c31d6ebb2d7359e630a627d3c1,1,1
main_positive,85282,white,782d01aab080fb3eaeef11211198e3d1c146e9c31d6ebb2d7359e630a627d3c1,1,1
main_positive,85283,white,782d01aab080fb3eaeef11211198e3d1c146e9c31d6ebb2d7359e630a627d3c1,1,1
main_positive,85284,white,782d01aab080fb3eaeef11211198e3d1c146e9c31d6ebb2d7359e630a627d3c1,1,1
main_positive,85285,white,782d01aab080fb3eaeef11211198e3d1c146e9c31d6ebb2d7359e630a627d3c1,1,1
main_positive,85286,white,782d01aab080fb3eaeef11211198e3d1c146e9c31d6ebb2d7359e630a627d3c1,1,1
main_positive,85287,white,782d01aab080fb3eaeef11211198e3d1c146e9c31d6ebb2d7359e630a627d3c1,1,1
main_positive,85288,white,782d01aab080fb3eaeef11211198e3d1c146e9c31d6ebb2d7359e630a627d3c1,1,1
main_positive,85289,white,782d01aab080fb3eaeef11211198e3d1c146e9c31d6ebb2d7359e630a627d3c1,1,1
main_positive,85290,white,782d01aab080fb3eaeef11211198e3d1c146e9c31d6ebb2d7359e630a627d3c1,1,1
main_positive,85291,white,782d01aab080fb3eaeef11211198e3d1c146e9c31d6ebb2d7359e630a627d3c1,1,1
main_positive,85292,white,782d01aab080fb3eaeef11211198e3d1c146e9c31d6ebb2d7359e630a627d3c1,1,1
main_positive,85293,white,782d01aab080fb3eaeef11211198e3d1c146e9c31d6ebb2d7359e630a627d3c1,1,1
main_positive,85294,white,782d01aab080fb3eaeef11211198e3d1c146e9c31d6ebb2d7359e630a627d3c1,1,1
main_positive,85295,white,782d01aab080fb3eaeef11211198e3d1c146e9c31d6ebb2d7359e630a627d3c1,1,1
main_positive,85296,white,782d01aab080fb3eaeef11211198e3d1c146e9c31d6ebb2d7359e630a627d3c1,1,1
main_positive,85297,white,782d01aab080fb3eaeef11211198e3d1c146e9c31d6ebb2d7359e630a627d3c1,1,1
main_positive,85298,white,782d01aab080fb3eaeef11211198e3d1c146e9c31d6ebb2d7359e630a627d3c1,1,1
main_positive,85299,white,782d01aab080fb3eaeef11211198e3d1c146e9c31d6ebb2d7359e630a627d3c1,1,1
main_positive,85300,white,782d01aab080fb3eaeef11211198e3d1c146e9c31d6ebb2d7359e630a627d3c1,1,1
main_positive,85301,white,782d01aab080fb3eaeef11211198e3d1c146e9c31d6ebb2d7359e630a627d3c1,1,1
main_positive,85302,white,782d01aab080fb3eaeef11211198e3d1c146e9c31d6ebb2d7359e630a627d3c1,1,1
main_positive,85303,white,782d01aab080fb3eaeef11211198e3d1c146e9c31d6ebb2d7359e630a627d3c1,1,1
main_positive,85304,white,782d01aab080fb3eaeef11211198e3d1c146e9c31d6ebb2d7359e630a627d3c1,1,1
main_positive,85305,white,782d01aab080fb3eaeef11211198e3d1c146e9c31d6ebb2d7359e630a627d3c1,1,1
main_positive,85306,white,782d01aab080fb3eaeef11211198e3d1c146e9c31d6ebb2d7359e630a627d3c1,1,1
main_positive,85307,white,782d01aab080fb3eaeef11211198e3d1c146e9c31d6ebb2d7359e630a627d3c1,1,1
main_positive,85308,white,782d01aab080fb3eaeef11211198e3d1c146e9c31d6ebb2d7359e630a627d3c1,1,1
main_positive,85309,white,782d01aab080fb3eaeef11211198e3d1c146e9c31d6ebb2d7359e630a627d3c1,1,1
main_positive,85310,white,782d01aab080fb3eaeef11211198e3d1c146e9c31d6ebb2d7359e630a627d3c1,1,1
main_positive,85311,white,782d01aab080fb3eaeef11211198e3d1c146e9c31d6ebb2d7359e630a627d3c1,1,1
main_positive,85312,white,782d01aab080fb3eaeef11211198e3d1c146e9c31d6ebb2d7359e630a627d3c1,1,1
main_positive,85313,white,782d01aab080fb3eaeef11211198e3d1c146e9c31d6ebb2d7359e630a627d3c1,1,1
main_positive,85314,white,782d01aab080fb3eaeef11211198e3d1c146e9c31d6ebb2d7359e630a627d3c1,1,1
main_positive,85315,white,782d01aab080fb3eaeef11211198e3d1c146e9c31d6ebb2d7359e630a627d3c1,1,1
main_positive,85316,white,782d01aab080fb3eaeef11211198e3d1c146e9c31d6ebb2d7359e630a627d3c1,1,1
main_positive,85317,white,782d01aab080fb3eaeef11211198e3d1c146e9c31d6ebb2d7359e630a627d3c1,1,1
main_positive,85318,white,782d01aab080fb3eaeef11211198e3d1c146e9c31d6ebb2d7359e630a627d3c1,1,1
main_positive,85319,white,782d01aab080fb3eaeef11211198e3d1c146e9c31d6ebb2d7359e630a627d3c1,1,1
main_positive,85320,white,782d01aab080fb3eaeef11211198e3d1c146e9c31d6ebb2d7359e630a627d3c1,1,1
main_positive,85321,white,782d01aab080fb3eaeef11211198e3d1c146e9c31d6ebb2d7359e630a627d3c1,1,1
main_positive,85322,white,782d01aab080fb3eaeef11211198e3d1c146e9c31d6ebb2d7359e630a627d3c1,1,1
main_positive,85323,white,782d01aab080fb3eaeef11211198e3d1c146e9c31d6ebb2d7359e630a627d3c1,1,1
main_positive,85324,white,782d01aab080fb3eaeef11211198e3d1c146e9c31d6ebb2d7359e630a627d3c1,1,1
main_positive,85325,white,782d01aab080fb3eaeef11211198e3d1c146e9c31d6ebb2d7359e630a627d3c1,1,1
main_positive,85326,white,782d01aab080fb3eaeef11211198e3d1c146e9c31d6ebb2d7359e630a627d3c1,1,1
main_positive,85327,white,782d01aab080fb3eaeef11211198e3d1c146e9c31d6ebb2d7359e630a627d3c1,1,1
main_positive,85328,white,782d01aab080fb3eaeef11211198e3d1c146e9c31d6ebb2d7359e630a627d3c1,1,1
main_positive,85329,white,782d01aab080fb3eaeef11211198e3d1c146e9c31d6ebb2d7359e630a627d3c1,1,1
main_positive,85330,white,782d01aab080fb3eaeef11211198e3d1c146e9c31d6ebb2d7359e630a627d3c1,1,1
main_positive,85331,white,782d01aab080fb3eaeef11211198e3d1c146e9c31d6ebb2d7359e630a627d3c1,1,1
main_positive,85332,white,782d01aab080fb3eaeef11211198e3d1c146e9c31d6ebb2d7359e630a627d3c1,1,1
main_positive,85333,white,782d01aab080fb3eaeef11211198e3d1c146e9c31d6ebb2d7359e630a627d3c1,1,1
main_positive,85334,white,782d01aab080fb3eaeef11211198e3d1c146e9c31d6ebb2d7359e630a627d3c1,1,1
main_positive,85335,white,782d01aab080fb3eaeef11211198e3d1c146e9c31d6ebb2d7359e630a627d3c1,1,1
main_positive,85336,white,782d01aab080fb3eaeef11211198e3d1c146e9c31d6ebb2d7359e630a627d3c1,1,1
main_positive,85337,white,782d01aab080fb3eaeef11211198e3d1c146e9c31d6ebb2d7359e630a627d3c1,1,1
main_positive,87653,y,782d01aab080fb3eaeef11211198e3d1c146e9c31d6ebb2d7359e630a627d3c1,1,1
main_positive,87761,y,782d01aab080fb3eaeef11211198e3d1c146e9c31d6ebb2d7359e630a627d3c1,1,1
main_positive,87762,y,782d01aab080fb3eaeef11211198e3d1c146e9c31d6ebb2d7359e630a627d3c1,1,1
main_positive,87763,y,782d01aab080fb3eaeef11211198e3d1c146e9c31d6ebb2d7359e630a627d3c1,1,1
main_positive,87764,y,782d01aab080fb3eaeef11211198e3d1c146e9c31d6ebb2d7359e630a627d3c1,1,1
main_positive,89625,z,782d01aab080fb3eaeef11211198e3d1c146e9c31d6ebb2d7359e630a627d3c1,1,1
main_positive,89626,z,60116e0e5510e700919b4ab3f123bb6ec6889fa4a66b2656e36f983a1b12f2b8,0,1
refining_phase2,37,0,782d01aab080fb3eaeef11211198e3d1c146e9c31d6ebb2d7359e630a627d3c1,1,1
refining_phase2,1697,ambulance,782d01aab080fb3eaeef11211198e3d1c146e9c31d6ebb2d7359e630a627d3c1,1,1
refining_phase2,2051,beautiful,782d01aab080fb3eaeef11211198e3d1c146e9c31d6ebb2d7359e630a627d3c1,1,1
refining_phase2,2063,beautiful,782d01aab080fb3eaeef11211198e3d1c146e9c31d6ebb2d7359e630a627d3c1,1,1
refining_phase2,4418,deaf,782d01aab080fb3eaeef11211198e3d1c146e9c31d6ebb2d7359e630a627d3c1,1,1
refining_phase2,4450,deaf,6b39e23d9ef8ce21fc83ddebb153114a6f16061332495d54f01e9be955a8f8e0,1,0
refining_phase2,4458,deaf,e1041e8141ca3e63bfa57b86b20d484c529303c08868b4d79fc39ffb5a648cd9,1,0
refining_phase2,5874,flat,782d01aab080fb3eaeef11211198e3d1c146e9c31d6ebb2d7359e630a627d3c1,1,1
refining_phase2,5896,flat,782d01aab080fb3eaeef11211198e3d1c146e9c31d6ebb2d7359e630a627d3c1,1,1
refining_phase2,5987,frankly,fbcafa61710fe23abf8ac13c5cf38bd19cb541a6fbb1e38b285bde08f8744057,1,0
refining_phase2,5991,frankly,782d01aab080fb3eaeef11211198e3d1c146e9c31d6ebb2d7359e630a627d3c1,1,1
refining_phase2,6049,friday,782d01aab080fb3eaeef11211198e3d1c146e9c31d6ebb2d7359e630a627d3c1,1,1
refining_phase2,6054,friday,782d01aab080fb3eaeef11211198e3d1c146e9c31d6ebb2d7359e630a627d3c1,1,1
refining_phase2,6656,happy,782d01aab080fb3eaeef11211198e3d1c146e9c31d6ebb2d7359e630a627d3c1,1,1
refining_phase2,6669,happy,782d01aab080fb3eaeef11211198e3d1c146e9c31d6ebb2d7359e630a627d3c1,1,1
refining_phase2,6944,heavy,782d01aab080fb3eaeef11211198e3d1c146e9c31d6ebb2d7359e630a627d3c1,1,1
refining_phase2,8152,it,782d01aab080fb3eaeef11211198e3d1c146e9c31d6ebb2d7359e630a627d3c1,1,1
refining_phase2,8205,it,782d01aab080fb3eaeef11211198e3d1c146e9c31d6ebb2d7359e630a627d3c1,1,1
refining_phase2,8212,it,782d01aab080fb3eaeef11211198e3d1c146e9c31d6ebb2d7359e630a627d3c1,1,1
refining_phase2,8214,it,782d01aab080fb3eaeef11211198e3d1c146e9c31d6ebb2d7359e630a627d3c1,1,1
refining_phase2,9431,mean,782d01aab080fb3eaeef11211198e3d1c146e9c31d6ebb2d7359e630a627d3c1,1,1
refining_phase2,9470,mean,e57f3d06c0309358e3f059f3bc6f6c9877cb19c0c016f64246eca146f6542247,1,0
refining_phase2,9486,mean,e57f3d06c0309358e3f059f3bc6f6c9877cb19c0c016f64246eca146f6542247,1,0
refining_phase2,10168,nice,e479a6ae7846af442abe87aa61037a391a70ac721b1e1bf07cab6536fef3c6c9,1,0
refining_phase2,10542,on,782d01aab080fb3eaeef11211198e3d1c146e9c31d6ebb2d7359e630a627d3c1,1,1
refining_phase2,10864,pen,782d01aab080fb3eaeef11211198e3d1c146e9c31d6ebb2d7359e630a627d3c1,1,1
refining_phase2,10869,pen,782d01aab080fb3eaeef11211198e3d1c146e9c31d6ebb2d7359e630a627d3c1,1,1
refining_phase2,10922,pink,782d01aab080fb3eaeef11211198e3d1c146e9c31d6ebb2d7359e630a627d3c1,1,1
refining_phase2,11051,polite,782d01aab080fb3eaeef11211198e3d1c146e9c31d6ebb2d7359e630a627d3c1,1,1
refining_phase2,11402,purple,782d01aab080fb3eaeef11211198e3d1c146e9c31d6ebb2d7359e630a627d3c1,1,1
refining_phase2,11406,purple,782d01aab080fb3eaeef11211198e3d1c146e9c31d6ebb2d7359e630a627d3c1,1,1
refining_phase2,11958,sad,782d01aab080fb3eaeef11211198e3d1c146e9c31d6ebb2d7359e630a627d3c1,1,1
refining_phase2,15320,white,782d01aab080fb3eaeef11211198e3d1c146e9c31d6ebb2d7359e630a627d3c1,1,1
refining_negative,0,cheap,782d01aab080fb3eaeef11211198e3d1c146e9c31d6ebb2d7359e630a627d3c1,1,1
refining_negative,465,hard,782d01aab080fb3eaeef11211198e3d1c146e9c31d6ebb2d7359e630a627d3c1,1,1
refining_negative,628,idle,741bb20a697097689eb0624a1499fdd7bde2dd9bc306c6c7a0d3e998b83c57d2,1,0
refining_negative,703,long,782d01aab080fb3eaeef11211198e3d1c146e9c31d6ebb2d7359e630a627d3c1,1,1
refining_negative,746,long,782d01aab080fb3eaeef11211198e3d1c146e9c31d6ebb2d7359e630a627d3c1,1,1
refining_negative,747,long,782d01aab080fb3eaeef11211198e3d1c146e9c31d6ebb2d7359e630a627d3c1,1,1
refining_negative,748,long,782d01aab080fb3eaeef11211198e3d1c146e9c31d6ebb2d7359e630a627d3c1,1,1
refining_negative,749,long,782d01aab080fb3eaeef11211198e3d1c146e9c31d6ebb2d7359e630a627d3c1,1,1
refining_negative,750,long,782d01aab080fb3eaeef11211198e3d1c146e9c31d6ebb2d7359e630a627d3c1,1,1
negative,207,daily_activities,782d01aab080fb3eaeef11211198e3d1c146e9c31d6ebb2d7359e630a627d3c1,1,1
negative,208,daily_activities,60116e0e5510e700919b4ab3f123bb6ec6889fa4a66b2656e36f983a1b12f2b8,0,1
negative,209,daily_activities,782d01aab080fb3eaeef11211198e3d1c146e9c31d6ebb2d7359e630a627d3c1,1,1
negative,601,empty_scene,782d01aab080fb3eaeef11211198e3d1c146e9c31d6ebb2d7359e630a627d3c1,1,1
negative,603,empty_scene,782d01aab080fb3eaeef11211198e3d1c146e9c31d6ebb2d7359e630a627d3c1,1,1
negative,607,empty_scene,782d01aab080fb3eaeef11211198e3d1c146e9c31d6ebb2d7359e630a627d3c1,1,1
negative,608,empty_scene,782d01aab080fb3eaeef11211198e3d1c146e9c31d6ebb2d7359e630a627d3c1,1,1
negative,610,empty_scene,782d01aab080fb3eaeef11211198e3d1c146e9c31d6ebb2d7359e630a627d3c1,1,1
negative,613,empty_scene,782d01aab080fb3eaeef11211198e3d1c146e9c31d6ebb2d7359e630a627d3c1,1,1
negative,614,empty_scene,782d01aab080fb3eaeef11211198e3d1c146e9c31d6ebb2d7359e630a627d3c1,1,1
negative,619,empty_scene,782d01aab080fb3eaeef11211198e3d1c146e9c31d6ebb2d7359e630a627d3c1,1,1
negative,642,empty_scene,782d01aab080fb3eaeef11211198e3d1c146e9c31d6ebb2d7359e630a627d3c1,1,1
negative,643,empty_scene,782d01aab080fb3eaeef11211198e3d1c146e9c31d6ebb2d7359e630a627d3c1,1,1
negative,650,empty_scene,782d01aab080fb3eaeef11211198e3d1c146e9c31d6ebb2d7359e630a627d3c1,1,1
negative,665,empty_scene,782d01aab080fb3eaeef11211198e3d1c146e9c31d6ebb2d7359e630a627d3c1,1,1
negative,666,empty_scene,782d01aab080fb3eaeef11211198e3d1c146e9c31d6ebb2d7359e630a627d3c1,1,1
negative,667,empty_scene,782d01aab080fb3eaeef11211198e3d1c146e9c31d6ebb2d7359e630a627d3c1,1,1
negative,670,empty_scene,782d01aab080fb3eaeef11211198e3d1c146e9c31d6ebb2d7359e630a627d3c1,1,1
negative,673,empty_scene,782d01aab080fb3eaeef11211198e3d1c146e9c31d6ebb2d7359e630a627d3c1,1,1
negative,674,empty_scene,782d01aab080fb3eaeef11211198e3d1c146e9c31d6ebb2d7359e630a627d3c1,1,1
negative,676,empty_scene,782d01aab080fb3eaeef11211198e3d1c146e9c31d6ebb2d7359e630a627d3c1,1,1
negative,677,empty_scene,782d01aab080fb3eaeef11211198e3d1c146e9c31d6ebb2d7359e630a627d3c1,1,1
negative,679,empty_scene,782d01aab080fb3eaeef11211198e3d1c146e9c31d6ebb2d7359e630a627d3c1,1,1
negative,680,empty_scene,782d01aab080fb3eaeef11211198e3d1c146e9c31d6ebb2d7359e630a627d3c1,1,1
negative,681,empty_scene,782d01aab080fb3eaeef11211198e3d1c146e9c31d6ebb2d7359e630a627d3c1,1,1
negative,682,empty_scene,782d01aab080fb3eaeef11211198e3d1c146e9c31d6ebb2d7359e630a627d3c1,1,1
negative,685,empty_scene,782d01aab080fb3eaeef11211198e3d1c146e9c31d6ebb2d7359e630a627d3c1,1,1
negative,686,empty_scene,782d01aab080fb3eaeef11211198e3d1c146e9c31d6ebb2d7359e630a627d3c1,1,1
negative,688,empty_scene,782d01aab080fb3eaeef11211198e3d1c146e9c31d6ebb2d7359e630a627d3c1,1,1
negative,689,empty_scene,782d01aab080fb3eaeef11211198e3d1c146e9c31d6ebb2d7359e630a627d3c1,1,1
negative,690,empty_scene,782d01aab080fb3eaeef11211198e3d1c146e9c31d6ebb2d7359e630a627d3c1,1,1
negative,691,empty_scene,782d01aab080fb3eaeef11211198e3d1c146e9c31d6ebb2d7359e630a627d3c1,1,1
negative,692,empty_scene,782d01aab080fb3eaeef11211198e3d1c146e9c31d6ebb2d7359e630a627d3c1,1,1
negative,693,empty_scene,782d01aab080fb3eaeef11211198e3d1c146e9c31d6ebb2d7359e630a627d3c1,1,1
negative,696,empty_scene,782d01aab080fb3eaeef11211198e3d1c146e9c31d6ebb2d7359e630a627d3c1,1,1
negative,698,empty_scene,782d01aab080fb3eaeef11211198e3d1c146e9c31d6ebb2d7359e630a627d3c1,1,1
negative,703,empty_scene,782d01aab080fb3eaeef11211198e3d1c146e9c31d6ebb2d7359e630a627d3c1,1,1
negative,707,empty_scene,782d01aab080fb3eaeef11211198e3d1c146e9c31d6ebb2d7359e630a627d3c1,1,1
negative,708,empty_scene,782d01aab080fb3eaeef11211198e3d1c146e9c31d6ebb2d7359e630a627d3c1,1,1
negative,710,empty_scene,782d01aab080fb3eaeef11211198e3d1c146e9c31d6ebb2d7359e630a627d3c1,1,1
negative,712,empty_scene,4378f03ddd0a9057f2721da08e14100bdba22bdbdb6bf07c924fec6795853cbf,1,0
negative,716,empty_scene,782d01aab080fb3eaeef11211198e3d1c146e9c31d6ebb2d7359e630a627d3c1,1,1
negative,717,empty_scene,782d01aab080fb3eaeef11211198e3d1c146e9c31d6ebb2d7359e630a627d3c1,1,1
negative,718,empty_scene,782d01aab080fb3eaeef11211198e3d1c146e9c31d6ebb2d7359e630a627d3c1,1,1
negative,719,empty_scene,782d01aab080fb3eaeef11211198e3d1c146e9c31d6ebb2d7359e630a627d3c1,1,1
negative,720,empty_scene,782d01aab080fb3eaeef11211198e3d1c146e9c31d6ebb2d7359e630a627d3c1,1,1
negative,721,empty_scene,782d01aab080fb3eaeef11211198e3d1c146e9c31d6ebb2d7359e630a627d3c1,1,1
negative,723,empty_scene,782d01aab080fb3eaeef11211198e3d1c146e9c31d6ebb2d7359e630a627d3c1,1,1
negative,724,empty_scene,782d01aab080fb3eaeef11211198e3d1c146e9c31d6ebb2d7359e630a627d3c1,1,1
negative,725,empty_scene,782d01aab080fb3eaeef11211198e3d1c146e9c31d6ebb2d7359e630a627d3c1,1,1
negative,726,empty_scene,782d01aab080fb3eaeef11211198e3d1c146e9c31d6ebb2d7359e630a627d3c1,1,1
negative,727,empty_scene,782d01aab080fb3eaeef11211198e3d1c146e9c31d6ebb2d7359e630a627d3c1,1,1
negative,728,empty_scene,782d01aab080fb3eaeef11211198e3d1c146e9c31d6ebb2d7359e630a627d3c1,1,1
negative,729,empty_scene,782d01aab080fb3eaeef11211198e3d1c146e9c31d6ebb2d7359e630a627d3c1,1,1
negative,732,empty_scene,782d01aab080fb3eaeef11211198e3d1c146e9c31d6ebb2d7359e630a627d3c1,1,1
negative,734,empty_scene,782d01aab080fb3eaeef11211198e3d1c146e9c31d6ebb2d7359e630a627d3c1,1,1
negative,737,empty_scene,782d01aab080fb3eaeef11211198e3d1c146e9c31d6ebb2d7359e630a627d3c1,1,1
negative,745,empty_scene,782d01aab080fb3eaeef11211198e3d1c146e9c31d6ebb2d7359e630a627d3c1,1,1
negative,755,empty_scene,782d01aab080fb3eaeef11211198e3d1c146e9c31d6ebb2d7359e630a627d3c1,1,1
negative,757,empty_scene,782d01aab080fb3eaeef11211198e3d1c146e9c31d6ebb2d7359e630a627d3c1,1,1
negative,759,empty_scene,782d01aab080fb3eaeef11211198e3d1c146e9c31d6ebb2d7359e630a627d3c1,1,1
negative,760,empty_scene,782d01aab080fb3eaeef11211198e3d1c146e9c31d6ebb2d7359e630a627d3c1,1,1
negative,762,empty_scene,782d01aab080fb3eaeef11211198e3d1c146e9c31d6ebb2d7359e630a627d3c1,1,1
negative,763,empty_scene,782d01aab080fb3eaeef11211198e3d1c146e9c31d6ebb2d7359e630a627d3c1,1,1
negative,766,empty_scene,782d01aab080fb3eaeef11211198e3d1c146e9c31d6ebb2d7359e630a627d3c1,1,1
negative,768,empty_scene,782d01aab080fb3eaeef11211198e3d1c146e9c31d6ebb2d7359e630a627d3c1,1,1
negative,769,empty_scene,782d01aab080fb3eaeef11211198e3d1c146e9c31d6ebb2d7359e630a627d3c1,1,1
negative,771,empty_scene,782d01aab080fb3eaeef11211198e3d1c146e9c31d6ebb2d7359e630a627d3c1,1,1
negative,773,empty_scene,782d01aab080fb3eaeef11211198e3d1c146e9c31d6ebb2d7359e630a627d3c1,1,1
negative,781,empty_scene,782d01aab080fb3eaeef11211198e3d1c146e9c31d6ebb2d7359e630a627d3c1,1,1
negative,791,empty_scene,782d01aab080fb3eaeef11211198e3d1c146e9c31d6ebb2d7359e630a627d3c1,1,1
negative,798,empty_scene,553270d2db81dc9e72f1d095c148d1e5b0e324f6581688f8f022f6dc29e7f022,1,0
negative,1189,hard,60116e0e5510e700919b4ab3f123bb6ec6889fa4a66b2656e36f983a1b12f2b8,0,1
negative,1224,hard,067603fe1880530f0eb9325bca7ef91f9e2b059117ffb0a33c7736f911f6f2fc,0,1
negative,1450,idle,782d01aab080fb3eaeef11211198e3d1c146e9c31d6ebb2d7359e630a627d3c1,1,1
negative,1487,idle,782d01aab080fb3eaeef11211198e3d1c146e9c31d6ebb2d7359e630a627d3c1,1,1
negative,1867,long,60116e0e5510e700919b4ab3f123bb6ec6889fa4a66b2656e36f983a1b12f2b8,0,1
negative,1873,long,782d01aab080fb3eaeef11211198e3d1c146e9c31d6ebb2d7359e630a627d3c1,1,1
negative,1934,long,782d01aab080fb3eaeef11211198e3d1c146e9c31d6ebb2d7359e630a627d3c1,1,1
negative,1935,long,782d01aab080fb3eaeef11211198e3d1c146e9c31d6ebb2d7359e630a627d3c1,1,1
negative,2049,miscellanous,782d01aab080fb3eaeef11211198e3d1c146e9c31d6ebb2d7359e630a627d3c1,1,1
negative,2126,miscellanous,782d01aab080fb3eaeef11211198e3d1c146e9c31d6ebb2d7359e630a627d3c1,1,1
negative,2477,nice,60116e0e5510e700919b4ab3f123bb6ec6889fa4a66b2656e36f983a1b12f2b8,0,1
negative,2549,other_people,782d01aab080fb3eaeef11211198e3d1c146e9c31d6ebb2d7359e630a627d3c1,1,1
negative,2550,other_people,782d01aab080fb3eaeef11211198e3d1c146e9c31d6ebb2d7359e630a627d3c1,1,1
negative,2577,other_people,782d01aab080fb3eaeef11211198e3d1c146e9c31d6ebb2d7359e630a627d3c1,1,1
negative,2594,other_people,7bd1936af04f6096a6fa8f787bed1d2d67dd92d27f7bebbd7bec3996254fffda,1,0
negative,2601,other_people,782d01aab080fb3eaeef11211198e3d1c146e9c31d6ebb2d7359e630a627d3c1,1,1
negative,2634,other_people,782d01aab080fb3eaeef11211198e3d1c146e9c31d6ebb2d7359e630a627d3c1,1,1
negative,2645,other_people,782d01aab080fb3eaeef11211198e3d1c146e9c31d6ebb2d7359e630a627d3c1,1,1
negative,2675,other_people,782d01aab080fb3eaeef11211198e3d1c146e9c31d6ebb2d7359e630a627d3c1,1,1
negative,2687,other_people,782d01aab080fb3eaeef11211198e3d1c146e9c31d6ebb2d7359e630a627d3c1,1,1
negative,2894,random_hand_movement,782d01aab080fb3eaeef11211198e3d1c146e9c31d6ebb2d7359e630a627d3c1,1,1
negative,3541,tracking_failure,782d01aab080fb3eaeef11211198e3d1c146e9c31d6ebb2d7359e630a627d3c1,1,1
negative,3545,tracking_failure,782d01aab080fb3eaeef11211198e3d1c146e9c31d6ebb2d7359e630a627d3c1,1,1
negative,3580,tracking_failure,782d01aab080fb3eaeef11211198e3d1c146e9c31d6ebb2d7359e630a627d3c1,1,1
negative,3645,tracking_failure,782d01aab080fb3eaeef11211198e3d1c146e9c31d6ebb2d7359e630a627d3c1,1,1
negative,3646,tracking_failure,782d01aab080fb3eaeef11211198e3d1c146e9c31d6ebb2d7359e630a627d3c1,1,1
negative,3647,tracking_failure,782d01aab080fb3eaeef11211198e3d1c146e9c31d6ebb2d7359e630a627d3c1,1,1
negative,3648,tracking_failure,782d01aab080fb3eaeef11211198e3d1c146e9c31d6ebb2d7359e630a627d3c1,1,1
negative,3649,tracking_failure,782d01aab080fb3eaeef11211198e3d1c146e9c31d6ebb2d7359e630a627d3c1,1,1
negative,3650,tracking_failure,782d01aab080fb3eaeef11211198e3d1c146e9c31d6ebb2d7359e630a627d3c1,1,1
negative,3651,tracking_failure,782d01aab080fb3eaeef11211198e3d1c146e9c31d6ebb2d7359e630a627d3c1,1,1
negative,3652,tracking_failure,782d01aab080fb3eaeef11211198e3d1c146e9c31d6ebb2d7359e630a627d3c1,1,1
negative,3653,tracking_failure,782d01aab080fb3eaeef11211198e3d1c146e9c31d6ebb2d7359e630a627d3c1,1,1
negative,3654,tracking_failure,782d01aab080fb3eaeef11211198e3d1c146e9c31d6ebb2d7359e630a627d3c1,1,1
negative,3655,tracking_failure,782d01aab080fb3eaeef11211198e3d1c146e9c31d6ebb2d7359e630a627d3c1,1,1
negative,3656,tracking_failure,782d01aab080fb3eaeef11211198e3d1c146e9c31d6ebb2d7359e630a627d3c1,1,1
negative,3657,tracking_failure,782d01aab080fb3eaeef11211198e3d1c146e9c31d6ebb2d7359e630a627d3c1,1,1
negative,3680,tracking_failure,782d01aab080fb3eaeef11211198e3d1c146e9c31d6ebb2d7359e630a627d3c1,1,1
negative,3681,tracking_failure,782d01aab080fb3eaeef11211198e3d1c146e9c31d6ebb2d7359e630a627d3c1,1,1
negative,3682,tracking_failure,782d01aab080fb3eaeef11211198e3d1c146e9c31d6ebb2d7359e630a627d3c1,1,1
negative,3683,tracking_failure,782d01aab080fb3eaeef11211198e3d1c146e9c31d6ebb2d7359e630a627d3c1,1,1
negative,3684,tracking_failure,782d01aab080fb3eaeef11211198e3d1c146e9c31d6ebb2d7359e630a627d3c1,1,1
negative,3685,tracking_failure,782d01aab080fb3eaeef11211198e3d1c146e9c31d6ebb2d7359e630a627d3c1,1,1
